Total Energy,,,,,,,,,,,,,,,,,,,
TABLE 1.2 Inland energy consumption: primary fuel input basis                                                                  ,,,,,,,,,,,,,,,,,,Million tonnes of oil equivalent,
,,,,,,,,,,,,,,,,,,,
,,,,,,,,Primary electricity,,,,,,,,,Primary electricity,,
,,,,,Natural ,Bioenergy ,,"Wind, solar ",Net ,,,,,Natural ,Bioenergy ,,"Wind, solar ",Net ,
,,Total ,Coal,Petroleum, gas,& waste,Nuclear , and hydro, imports ,,Total ,Coal,Petroleum, gas,& waste,Nuclear , and hydro, imports ,
,,Unadjusted,,,,,,,,,Seasonally adjusted and temperature corrected (annualised rates),,,,,,,,
,,,,,,,,,,,,,,,,,,,
1995,January,21.03 ,4.32 ,6.16 ,8.90 ,0.14 ,1.51 ,n/a,n/a,,223.03 ,50.85 ,73.61 ,78.59 ,1.72 ,18.26 ,n/a,n/a,
1995,February,20.00 ,4.79 ,6.32 ,7.16 ,0.14 ,1.59 ,n/a,n/a,,239.04 ,56.03 ,81.06 ,80.63 ,1.72 ,19.60 ,n/a,n/a,
1995,March,22.54 ,5.62 ,6.96 ,7.91 ,0.14 ,1.91 ,n/a,n/a,,230.67 ,55.52 ,76.90 ,76.29 ,1.72 ,20.24 ,n/a,n/a,
1995,April,17.58 ,3.83 ,6.08 ,5.75 ,0.14 ,1.78 ,n/a,n/a,,221.69 ,47.46 ,77.19 ,72.74 ,1.72 ,22.58 ,n/a,n/a,
1995,May,16.43 ,3.72 ,6.23 ,4.79 ,0.14 ,1.55 ,n/a,n/a,,218.68 ,52.22 ,75.26 ,70.05 ,1.72 ,19.43 ,n/a,n/a,
1995,June,15.62 ,3.72 ,5.92 ,3.85 ,0.14 ,1.99 ,n/a,n/a,,207.02 ,48.75 ,72.22 ,62.69 ,1.72 ,21.64 ,n/a,n/a,
1995,July,14.50 ,3.21 ,6.10 ,3.36 ,0.14 ,1.69 ,n/a,n/a,,206.04 ,45.52 ,76.25 ,59.58 ,1.72 ,22.97 ,n/a,n/a,
1995,August,14.22 ,3.06 ,6.30 ,3.12 ,0.14 ,1.60 ,n/a,n/a,,206.05 ,49.48 ,75.56 ,56.97 ,1.72 ,22.32 ,n/a,n/a,
1995,September,15.85 ,3.64 ,5.81 ,4.26 ,0.14 ,2.00 ,n/a,n/a,,209.38 ,45.02 ,70.11 ,69.88 ,1.72 ,22.65 ,n/a,n/a,
1995,October,17.71 ,3.68 ,7.06 ,5.15 ,0.14 ,1.68 ,n/a,n/a,,238.40 ,50.10 ,90.38 ,73.68 ,1.72 ,22.52 ,n/a,n/a,
1995,November,19.07 ,3.79 ,6.21 ,7.21 ,0.14 ,1.72 ,n/a,n/a,,217.31 ,44.05 ,73.42 ,77.18 ,1.72 ,20.94 ,n/a,n/a,
1995,December,25.02 ,6.19 ,6.64 ,9.81 ,0.14 ,2.24 ,n/a,n/a,,240.29 ,55.96 ,75.85 ,84.56 ,1.72 ,22.20 ,n/a,n/a,
1996,January,21.41 ,4.43 ,5.41 ,9.61 ,0.15 ,1.81 ,n/a,n/a,,225.22 ,51.90 ,64.45 ,85.31 ,1.77 ,21.79 ,n/a,n/a,
1996,February,22.70 ,4.76 ,6.52 ,9.57 ,0.15 ,1.70 ,n/a,n/a,,244.96 ,51.63 ,78.37 ,92.28 ,1.77 ,20.91 ,n/a,n/a,
1996,March,22.96 ,5.54 ,6.01 ,9.19 ,0.15 ,2.07 ,n/a,n/a,,226.43 ,52.81 ,65.24 ,84.67 ,1.77 ,21.94 ,n/a,n/a,
1996,April,18.73 ,3.85 ,6.40 ,6.60 ,0.15 ,1.73 ,n/a,n/a,,233.80 ,47.87 ,81.14 ,80.95 ,1.77 ,22.07 ,n/a,n/a,
1996,May,18.10 ,3.27 ,6.63 ,6.27 ,0.15 ,1.78 ,n/a,n/a,,222.56 ,44.04 ,76.84 ,77.61 ,1.77 ,22.30 ,n/a,n/a,
1996,June,15.75 ,3.42 ,6.10 ,4.06 ,0.15 ,2.02 ,n/a,n/a,,211.70 ,45.91 ,74.53 ,67.53 ,1.77 ,21.96 ,n/a,n/a,
1996,July,14.62 ,3.25 ,5.78 ,4.05 ,0.15 ,1.39 ,n/a,n/a,,205.80 ,45.63 ,71.18 ,68.23 ,1.77 ,18.99 ,n/a,n/a,
1996,August,14.40 ,2.83 ,6.12 ,3.88 ,0.15 ,1.42 ,n/a,n/a,,209.37 ,45.60 ,71.97 ,70.27 ,1.77 ,19.76 ,n/a,n/a,
1996,September,16.47 ,3.16 ,6.30 ,4.76 ,0.15 ,2.10 ,n/a,n/a,,215.60 ,37.52 ,75.92 ,76.53 ,1.77 ,23.86 ,n/a,n/a,
1996,October,18.84 ,3.18 ,7.38 ,6.36 ,0.15 ,1.77 ,n/a,n/a,,243.89 ,42.12 ,92.21 ,84.06 ,1.77 ,23.73 ,n/a,n/a,
1996,November,21.38 ,3.75 ,6.94 ,8.61 ,0.15 ,1.93 ,n/a,n/a,,231.64 ,42.13 ,79.38 ,84.95 ,1.77 ,23.41 ,n/a,n/a,
1996,December,23.70 ,4.45 ,6.42 ,10.22 ,0.15 ,2.46 ,n/a,n/a,,229.39 ,38.87 ,74.33 ,89.91 ,1.77 ,24.51 ,n/a,n/a,
1997,January,23.98 ,4.81 ,6.40 ,10.66 ,0.16 ,1.84 ,n/a,0.11 ,,241.37 ,52.78 ,73.47 ,89.98 ,1.91 ,21.90 ,n/a,1.33 ,
1997,February,19.99 ,3.31 ,5.76 ,8.73 ,0.16 ,1.92 ,n/a,0.11 ,,236.97 ,38.87 ,74.11 ,97.08 ,1.91 ,23.63 ,n/a,1.37 ,
1997,March,20.63 ,3.83 ,6.31 ,8.05 ,0.16 ,2.14 ,n/a,0.14 ,,230.97 ,40.37 ,73.25 ,91.10 ,1.91 ,22.64 ,n/a,1.70 ,
1997,April,18.57 ,3.39 ,6.15 ,6.99 ,0.16 ,1.77 ,n/a,0.11 ,,235.12 ,41.91 ,78.93 ,88.33 ,1.91 ,22.68 ,n/a,1.36 ,
1997,May,16.20 ,2.16 ,6.03 ,5.89 ,0.16 ,1.85 ,n/a,0.11 ,,215.58 ,30.57 ,72.58 ,86.04 ,1.91 ,23.16 ,n/a,1.32 ,
1997,June,16.61 ,3.14 ,6.18 ,4.89 ,0.16 ,2.11 ,n/a,0.13 ,,221.43 ,42.43 ,75.23 ,77.30 ,1.91 ,23.05 ,n/a,1.51 ,
1997,July,16.31 ,3.15 ,6.56 ,4.64 ,0.16 ,1.69 ,n/a,0.11 ,,230.95 ,45.20 ,80.99 ,78.35 ,1.91 ,23.21 ,n/a,1.29 ,
1997,August,13.47 ,2.16 ,5.13 ,4.31 ,0.16 ,1.60 ,n/a,0.11 ,,201.07 ,35.91 ,60.86 ,79.21 ,1.91 ,21.87 ,n/a,1.31 ,
1997,September,16.48 ,3.53 ,6.00 ,4.88 ,0.16 ,1.78 ,n/a,0.13 ,,221.11 ,42.97 ,73.43 ,80.91 ,1.91 ,20.38 ,n/a,1.51 ,
1997,October,18.62 ,3.77 ,5.94 ,7.16 ,0.16 ,1.48 ,n/a,0.11 ,,232.44 ,49.02 ,72.53 ,87.85 ,1.91 ,19.76 ,n/a,1.37 ,
1997,November,20.18 ,3.51 ,6.28 ,8.36 ,0.16 ,1.76 ,n/a,0.11 ,,232.93 ,40.37 ,75.86 ,92.18 ,1.91 ,21.25 ,n/a,1.36 ,
1997,December,23.09 ,4.51 ,6.86 ,9.37 ,0.16 ,2.05 ,n/a,0.14 ,,242.45 ,41.55 ,83.59 ,93.06 ,1.91 ,20.68 ,n/a,1.66 ,
1998,January,21.64 ,3.59 ,5.71 ,10.01 ,0.17 ,1.99 ,0.06 ,0.11 ,,224.36 ,40.76 ,68.37 ,88.59 ,2.08 ,22.78 ,0.51 ,1.27 ,
1998,February,20.08 ,3.68 ,5.96 ,8.26 ,0.17 ,1.85 ,0.05 ,0.11 ,,233.00 ,42.77 ,76.05 ,87.49 ,2.08 ,22.75 ,0.49 ,1.37 ,
1998,March,21.96 ,3.86 ,6.72 ,8.72 ,0.17 ,2.28 ,0.07 ,0.14 ,,240.63 ,41.04 ,76.12 ,95.04 ,2.08 ,24.05 ,0.59 ,1.71 ,
1998,April,19.76 ,3.87 ,5.88 ,7.93 ,0.17 ,1.76 ,0.04 ,0.11 ,,234.91 ,45.91 ,73.88 ,88.51 ,2.08 ,22.73 ,0.50 ,1.30 ,
1998,May,16.95 ,2.97 ,6.37 ,5.59 ,0.17 ,1.71 ,0.03 ,0.11 ,,231.54 ,40.94 ,77.25 ,87.42 ,2.08 ,21.97 ,0.54 ,1.34 ,
1998,June,17.86 ,3.21 ,6.87 ,5.37 ,0.17 ,2.10 ,0.02 ,0.12 ,,261.59 ,44.65 ,90.06 ,98.88 ,2.08 ,24.00 ,0.45 ,1.47 ,
1998,July,15.90 ,3.26 ,6.15 ,4.78 ,0.17 ,1.50 ,0.02 ,0.02 ,,233.44 ,49.74 ,71.52 ,88.38 ,2.08 ,20.97 ,0.46 ,0.29 ,
1998,August,15.93 ,2.58 ,6.84 ,4.62 ,0.17 ,1.69 ,0.03 ,0.00 ,,232.42 ,40.92 ,78.36 ,88.49 ,2.08 ,21.91 ,0.69 ,-0.03 ,
1998,September,16.88 ,3.52 ,5.86 ,5.02 ,0.17 ,2.22 ,0.04 ,0.05 ,,236.86 ,41.51 ,71.96 ,93.24 ,2.08 ,26.88 ,0.58 ,0.61 ,
1998,October,18.29 ,2.62 ,6.20 ,7.36 ,0.17 ,1.82 ,0.03 ,0.09 ,,225.07 ,32.70 ,76.33 ,89.51 ,2.08 ,23.00 ,0.34 ,1.11 ,
1998,November,22.02 ,3.68 ,6.46 ,9.48 ,0.17 ,2.07 ,0.06 ,0.10 ,,239.09 ,40.75 ,76.24 ,93.76 ,2.08 ,24.55 ,0.53 ,1.18 ,
1998,December,23.40 ,4.12 ,6.33 ,10.17 ,0.17 ,2.45 ,0.06 ,0.10 ,,246.86 ,37.83 ,79.26 ,100.31 ,2.08 ,25.64 ,0.50 ,1.24 ,
1999,January,22.75 ,3.23 ,6.50 ,10.63 ,0.19 ,2.06 ,0.06 ,0.08 ,,236.86 ,36.34 ,77.77 ,95.44 ,2.23 ,23.61 ,0.54 ,0.93 ,
1999,February,21.11 ,2.80 ,6.20 ,9.84 ,0.19 ,1.93 ,0.05 ,0.10 ,,231.74 ,31.94 ,76.41 ,95.86 ,2.23 ,23.59 ,0.50 ,1.21 ,
1999,March,23.25 ,3.65 ,7.63 ,9.40 ,0.19 ,2.19 ,0.06 ,0.13 ,,250.43 ,38.73 ,83.63 ,100.72 ,2.23 ,22.97 ,0.55 ,1.60 ,
1999,April,18.57 ,2.96 ,5.92 ,7.62 ,0.19 ,1.73 ,0.05 ,0.10 ,,235.53 ,36.91 ,79.45 ,92.93 ,2.23 ,22.12 ,0.65 ,1.24 ,
1999,May,17.17 ,2.66 ,6.38 ,5.97 ,0.19 ,1.83 ,0.03 ,0.11 ,,234.74 ,37.07 ,77.06 ,92.96 ,2.23 ,23.61 ,0.54 ,1.27 ,
1999,June,16.76 ,2.43 ,6.42 ,5.34 ,0.19 ,2.24 ,0.03 ,0.11 ,,241.77 ,34.36 ,81.14 ,96.63 ,2.23 ,25.49 ,0.60 ,1.32 ,
1999,July,16.09 ,2.27 ,6.92 ,4.99 ,0.19 ,1.60 ,0.03 ,0.09 ,,241.00 ,36.41 ,82.76 ,95.88 ,2.23 ,22.06 ,0.61 ,1.05 ,
1999,August,15.21 ,2.29 ,5.94 ,4.98 ,0.19 ,1.69 ,0.02 ,0.10 ,,227.93 ,37.25 ,71.40 ,93.67 ,2.23 ,21.70 ,0.45 ,1.23 ,
1999,September *,16.26 ,3.21 ,5.73 ,5.23 ,0.19 ,1.78 ,0.03 ,0.09 ,,234.04 ,39.68 ,70.98 ,98.13 ,2.23 ,21.42 ,0.48 ,1.12 ,
1999,October,19.30 ,2.93 ,6.46 ,7.83 ,0.19 ,1.75 ,0.04 ,0.10 ,,240.27 ,36.63 ,80.07 ,97.60 ,2.23 ,22.08 ,0.43 ,1.23 ,
1999,November,20.89 ,3.17 ,6.16 ,9.48 ,0.19 ,1.75 ,0.05 ,0.09 ,,236.48 ,36.41 ,75.29 ,100.18 ,2.23 ,20.80 ,0.46 ,1.11 ,
1999,December*,24.00 ,4.39 ,6.17 ,11.20 ,0.19 ,1.86 ,0.07 ,0.12 ,,245.46 ,40.42 ,75.11 ,106.27 ,2.23 ,19.46 ,0.58 ,1.39 ,
2000,January,23.51 ,3.55 ,6.67 ,11.19 ,0.19 ,1.77 ,0.07 ,0.07 ,,241.09 ,38.69 ,79.65 ,98.72 ,2.31 ,20.30 ,0.61 ,0.81 ,
2000,February,22.11 ,3.35 ,6.71 ,10.07 ,0.19 ,1.63 ,0.07 ,0.09 ,,247.74 ,38.01 ,84.00 ,102.00 ,2.31 ,19.70 ,0.64 ,1.08 ,
2000,March*,22.28 ,3.39 ,6.81 ,9.81 ,0.19 ,1.90 ,0.06 ,0.12 ,,241.03 ,35.26 ,75.45 ,105.98 ,2.31 ,19.98 ,0.60 ,1.45 ,
2000,April,19.62 ,3.18 ,5.93 ,8.61 ,0.19 ,1.58 ,0.04 ,0.09 ,,234.65 ,39.03 ,73.99 ,97.76 ,2.31 ,20.01 ,0.49 ,1.06 ,
2000,May,17.68 ,2.94 ,6.24 ,6.52 ,0.19 ,1.66 ,0.02 ,0.11 ,,235.89 ,40.34 ,74.11 ,95.84 ,2.31 ,21.52 ,0.44 ,1.33 ,
2000,June*,16.04 ,2.78 ,5.76 ,5.53 ,0.19 ,1.63 ,0.02 ,0.13 ,,242.48 ,39.51 ,76.84 ,103.34 ,2.31 ,18.53 ,0.44 ,1.51 ,
2000,July,15.69 ,2.49 ,6.14 ,5.31 ,0.19 ,1.44 ,0.02 ,0.10 ,,228.76 ,38.42 ,71.22 ,95.66 ,2.31 ,19.60 ,0.41 ,1.14 ,
2000,August,16.37 ,2.77 ,6.80 ,4.94 ,0.19 ,1.54 ,0.02 ,0.11 ,,245.62 ,45.92 ,80.59 ,95.39 ,2.31 ,19.68 ,0.47 ,1.26 ,
2000,September *,16.86 ,2.98 ,6.46 ,5.52 ,0.19 ,1.56 ,0.03 ,0.12 ,,240.12 ,36.89 ,79.39 ,100.82 ,2.31 ,18.74 ,0.53 ,1.44 ,
2000,October,19.10 ,3.43 ,5.85 ,8.02 ,0.19 ,1.47 ,0.05 ,0.09 ,,237.43 ,41.31 ,75.73 ,97.78 ,2.31 ,18.69 ,0.57 ,1.04 ,
2000,November,22.32 ,3.71 ,6.92 ,9.74 ,0.19 ,1.62 ,0.05 ,0.09 ,,243.09 ,40.19 ,79.99 ,99.37 ,2.31 ,19.63 ,0.49 ,1.11 ,
2000,December*,23.18 ,3.97 ,6.42 ,10.59 ,0.19 ,1.83 ,0.06 ,0.12 ,,244.05 ,36.10 ,79.68 ,104.80 ,2.31 ,19.23 ,0.53 ,1.40 ,
2001,January,24.53 ,3.80 ,6.78 ,11.83 ,0.21 ,1.78 ,0.04 ,0.09 ,,241.14 ,39.31 ,78.10 ,99.40 ,2.53 ,20.39 ,0.37 ,1.04 ,
2001,February,22.30 ,4.21 ,6.01 ,10.08 ,0.21 ,1.67 ,0.04 ,0.08 ,,240.99 ,45.74 ,74.24 ,97.29 ,2.53 ,19.85 ,0.34 ,1.00 ,
2001,March*,23.62 ,4.28 ,6.64 ,10.54 ,0.21 ,1.81 ,0.03 ,0.11 ,,242.59 ,41.91 ,73.90 ,103.67 ,2.53 ,18.96 ,0.32 ,1.30 ,
2001,April,19.31 ,3.01 ,5.67 ,8.67 ,0.21 ,1.65 ,0.03 ,0.07 ,,230.52 ,37.57 ,70.20 ,98.43 ,2.53 ,20.59 ,0.40 ,0.80 ,
2001,May,17.42 ,2.90 ,6.30 ,6.46 ,0.21 ,1.46 ,0.02 ,0.07 ,,235.00 ,40.02 ,75.39 ,96.71 ,2.53 ,19.11 ,0.38 ,0.86 ,
2001,June*,16.34 ,3.46 ,5.61 ,5.40 ,0.21 ,1.55 ,0.02 ,0.09 ,,238.70 ,49.72 ,71.67 ,95.72 ,2.53 ,17.60 ,0.40 ,1.06 ,
2001,July,15.95 ,2.60 ,6.46 ,5.00 ,0.21 ,1.59 ,0.02 ,0.07 ,,238.99 ,41.54 ,77.86 ,94.73 ,2.53 ,21.02 ,0.44 ,0.87 ,
2001,August,15.99 ,2.40 ,6.69 ,4.83 ,0.21 ,1.74 ,0.03 ,0.09 ,,239.72 ,40.01 ,78.38 ,95.30 ,2.53 ,21.95 ,0.49 ,1.06 ,
2001,September *,18.40 ,3.51 ,6.82 ,5.92 ,0.21 ,1.84 ,0.03 ,0.07 ,,250.98 ,43.77 ,80.16 ,101.26 ,2.53 ,22.02 ,0.44 ,0.80 ,
2001,October,17.93 ,3.03 ,5.99 ,6.73 ,0.21 ,1.83 ,0.06 ,0.08 ,,241.80 ,38.97 ,78.79 ,96.21 ,2.53 ,23.66 ,0.66 ,0.98 ,
2001,November,20.80 ,3.21 ,6.33 ,9.13 ,0.21 ,1.82 ,0.06 ,0.04 ,,235.52 ,35.70 ,77.20 ,96.51 ,2.53 ,22.58 ,0.51 ,0.49 ,
2001,December*,24.26 ,4.36 ,6.57 ,10.97 ,0.21 ,2.06 ,0.05 ,0.04 ,,242.85 ,38.85 ,77.59 ,101.13 ,2.53 ,21.83 ,0.44 ,0.48 ,
2002,January,23.25 ,3.97 ,6.35 ,10.84 ,0.23 ,1.76 ,0.06 ,0.04 ,,234.76 ,40.54 ,76.18 ,94.35 ,2.75 ,20.03 ,0.47 ,0.44 ,
2002,February,20.85 ,3.26 ,6.03 ,9.42 ,0.23 ,1.79 ,0.07 ,0.05 ,,232.76 ,40.53 ,72.35 ,95.35 ,2.75 ,20.56 ,0.64 ,0.58 ,
2002,March*,22.49 ,3.80 ,6.71 ,9.55 ,0.23 ,2.07 ,0.06 ,0.07 ,,247.16 ,40.15 ,80.52 ,100.87 ,2.75 ,21.37 ,0.64 ,0.86 ,
2002,April,18.63 ,2.27 ,6.43 ,7.89 ,0.23 ,1.71 ,0.04 ,0.06 ,,229.43 ,31.85 ,77.15 ,95.29 ,2.75 ,21.18 ,0.54 ,0.67 ,
2002,May,17.10 ,2.55 ,5.69 ,7.07 ,0.23 ,1.42 ,0.04 ,0.10 ,,233.21 ,39.38 ,68.22 ,102.24 ,2.75 ,18.83 ,0.62 ,1.17 ,
2002,June*,16.28 ,2.59 ,5.98 ,5.56 ,0.23 ,1.80 ,0.04 ,0.08 ,,234.87 ,40.65 ,71.73 ,97.61 ,2.75 ,20.36 ,0.75 ,1.02 ,
2002,July,16.67 ,2.67 ,6.79 ,5.45 ,0.23 ,1.49 ,0.03 ,0.01 ,,249.24 ,44.72 ,81.54 ,101.30 ,2.75 ,18.30 ,0.56 ,0.07 ,
2002,August,15.22 ,2.17 ,6.05 ,5.17 ,0.23 ,1.55 ,0.03 ,0.02 ,,234.25 ,36.94 ,72.65 ,101.72 ,2.75 ,19.51 ,0.45 ,0.23 ,
2002,September*,16.91 ,2.89 ,6.26 ,5.79 ,0.23 ,1.68 ,0.03 ,0.03 ,,239.82 ,41.33 ,75.17 ,99.16 ,2.75 ,20.64 ,0.41 ,0.36 ,
2002,October,18.72 ,3.36 ,5.58 ,8.15 ,0.23 ,1.32 ,0.03 ,0.05 ,,228.99 ,40.53 ,66.95 ,99.26 ,2.75 ,18.56 ,0.32 ,0.62 ,
2002,November,20.30 ,3.72 ,5.87 ,8.89 ,0.23 ,1.44 ,0.05 ,0.10 ,,231.95 ,39.48 ,70.44 ,98.40 ,2.75 ,19.17 ,0.47 ,1.24 ,
2002,December*,23.19 ,4.47 ,5.74 ,10.52 ,0.23 ,2.07 ,0.04 ,0.12 ,,237.68 ,40.64 ,68.87 ,100.96 ,2.75 ,22.70 ,0.36 ,1.40 ,
2003,January,23.17 ,3.60 ,5.91 ,11.52 ,0.26 ,1.79 ,0.04 ,0.05 ,,228.22 ,36.13 ,70.89 ,96.87 ,3.11 ,20.24 ,0.35 ,0.63 ,
2003,February,22.21 ,3.86 ,5.97 ,10.30 ,0.26 ,1.77 ,0.04 ,0.01 ,,229.20 ,39.30 ,71.66 ,94.22 ,3.11 ,20.41 ,0.36 ,0.14 ,
2003,March*,21.78 ,4.04 ,5.92 ,9.35 ,0.26 ,1.98 ,0.04 ,0.00 ,,237.81 ,43.01 ,71.02 ,99.67 ,3.11 ,20.55 ,0.39 ,0.06 ,
2003,April,18.51 ,3.25 ,6.46 ,7.40 ,0.26 ,1.61 ,0.02 ,0.01 ,,240.03 ,45.53 ,77.52 ,93.59 ,3.11 ,19.89 ,0.27 ,0.12 ,
2003,May,17.15 ,2.83 ,6.33 ,6.65 ,0.26 ,1.58 ,0.04 ,0.03 ,,240.34 ,42.77 ,75.97 ,96.97 ,3.11 ,20.66 ,0.55 ,0.31 ,
2003,June*,16.16 ,3.20 ,5.66 ,5.15 ,0.26 ,1.88 ,0.02 ,-0.01 ,,235.62 ,49.56 ,67.97 ,93.29 ,3.11 ,21.38 ,0.42 ,-0.11 ,
2003,July,14.77 ,2.68 ,5.38 ,5.09 ,0.26 ,1.34 ,0.02 ,0.00 ,,224.69 ,43.86 ,64.50 ,96.48 ,3.12 ,16.30 ,0.38 ,0.05 ,
2003,August,15.83 ,2.43 ,6.79 ,4.90 ,0.26 ,1.41 ,0.02 ,0.02 ,,240.16 ,40.87 ,81.44 ,96.52 ,3.12 ,17.56 ,0.36 ,0.29 ,
2003,September*,17.17 ,3.07 ,6.12 ,5.78 ,0.26 ,1.97 ,0.02 ,-0.05 ,,241.21 ,43.07 ,73.39 ,97.85 ,3.12 ,24.06 ,0.29 ,-0.57 ,
2003,October,19.37 ,3.51 ,5.72 ,8.45 ,0.26 ,1.40 ,0.03 ,0.00 ,,231.11 ,39.74 ,68.65 ,99.49 ,3.13 ,19.76 ,0.35 ,-0.01 ,
2003,November,20.57 ,3.30 ,6.31 ,9.18 ,0.26 ,1.45 ,0.04 ,0.03 ,,232.86 ,34.10 ,75.70 ,100.00 ,3.13 ,19.17 ,0.41 ,0.35 ,
2003,December*,24.29 ,4.72 ,6.46 ,10.85 ,0.26 ,1.87 ,0.05 ,0.08 ,,246.27 ,42.16 ,77.50 ,101.46 ,3.13 ,20.52 ,0.52 ,0.98 ,
2004,January,23.98 ,3.82 ,6.94 ,11.18 ,0.28 ,1.63 ,0.07 ,0.06 ,,241.38 ,38.92 ,83.28 ,96.35 ,3.30 ,18.24 ,0.56 ,0.73 ,
2004,February,20.86 ,3.59 ,4.89 ,10.37 ,0.28 ,1.62 ,0.06 ,0.05 ,,222.25 ,40.64 ,58.63 ,99.79 ,3.30 ,18.76 ,0.56 ,0.57 ,
2004,March*,22.96 ,4.31 ,5.86 ,10.37 ,0.28 ,2.09 ,0.05 ,0.00 ,,240.34 ,41.13 ,70.30 ,102.99 ,3.30 ,22.09 ,0.50 ,0.03 ,
2004,April,18.99 ,2.94 ,6.10 ,8.14 ,0.28 ,1.44 ,0.04 ,0.05 ,,236.96 ,40.82 ,73.24 ,100.56 ,3.37 ,17.91 ,0.52 ,0.54 ,
2004,May,17.78 ,2.61 ,6.83 ,6.68 ,0.28 ,1.31 ,0.03 ,0.04 ,,240.31 ,39.57 ,81.96 ,97.72 ,3.37 ,16.82 ,0.45 ,0.42 ,
2004,June*,15.48 ,2.54 ,5.61 ,5.49 ,0.28 ,1.47 ,0.03 ,0.06 ,,228.38 ,39.71 ,67.27 ,99.79 ,3.37 ,17.00 ,0.46 ,0.78 ,
2004,July,17.09 ,2.43 ,7.21 ,5.61 ,0.29 ,1.46 ,0.03 ,0.06 ,,250.60 ,39.73 ,86.54 ,102.00 ,3.54 ,17.45 ,0.56 ,0.78 ,
2004,August,15.26 ,2.56 ,5.76 ,5.17 ,0.29 ,1.38 ,0.04 ,0.06 ,,232.39 ,43.20 ,69.12 ,97.91 ,3.54 ,17.20 ,0.68 ,0.74 ,
2004,September*,16.52 ,3.14 ,6.09 ,5.50 ,0.29 ,1.40 ,0.05 ,0.05 ,,238.71 ,45.47 ,73.05 ,98.01 ,3.54 ,17.28 ,0.76 ,0.60 ,
2004,October,20.08 ,3.09 ,7.06 ,8.09 ,0.31 ,1.36 ,0.07 ,0.10 ,,248.68 ,38.34 ,84.70 ,100.89 ,3.72 ,19.16 ,0.72 ,1.15 ,
2004,November,20.88 ,3.72 ,5.89 ,9.45 ,0.31 ,1.39 ,0.06 ,0.06 ,,234.03 ,39.17 ,70.69 ,101.00 ,3.72 ,18.20 ,0.58 ,0.67 ,
2004,December*,23.77 ,4.32 ,6.82 ,10.58 ,0.31 ,1.61 ,0.07 ,0.06 ,,244.28 ,40.06 ,81.88 ,99.40 ,3.72 ,17.87 ,0.63 ,0.72 ,
2005,January,24.28 ,3.87 ,7.19 ,10.86 ,0.36 ,1.87 ,0.08 ,0.05 ,,251.88 ,42.23 ,86.29 ,97.12 ,4.30 ,20.63 ,0.69 ,0.62 ,
2005,February,22.50 ,4.00 ,6.33 ,10.17 ,0.36 ,1.55 ,0.07 ,0.02 ,,238.26 ,45.08 ,75.97 ,93.92 ,4.30 ,18.09 ,0.63 ,0.27 ,
2005,March*,22.42 ,4.18 ,6.35 ,9.79 ,0.36 ,1.63 ,0.06 ,0.05 ,,240.60 ,42.20 ,76.21 ,99.18 ,4.30 ,17.54 ,0.62 ,0.55 ,
2005,April,20.00 ,3.09 ,6.69 ,8.39 ,0.32 ,1.41 ,0.05 ,0.05 ,,242.39 ,40.55 ,80.23 ,99.16 ,3.86 ,17.32 ,0.67 ,0.60 ,
2005,May,17.88 ,2.61 ,6.28 ,7.05 ,0.32 ,1.50 ,0.04 ,0.08 ,,237.96 ,39.69 ,75.33 ,98.67 ,3.86 ,18.75 ,0.69 ,0.97 ,
2005,June*,16.57 ,2.66 ,6.54 ,5.41 ,0.32 ,1.55 ,0.04 ,0.05 ,,241.89 ,42.10 ,78.47 ,97.93 ,3.86 ,18.18 ,0.73 ,0.62 ,
2005,July,15.85 ,2.32 ,6.26 ,5.29 ,0.32 ,1.57 ,0.04 ,0.05 ,,233.04 ,37.71 ,75.09 ,96.73 ,3.82 ,18.46 ,0.64 ,0.59 ,
2005,August,15.79 ,2.32 ,6.33 ,5.00 ,0.32 ,1.69 ,0.04 ,0.09 ,,237.03 ,38.92 ,76.00 ,95.75 ,3.82 ,20.90 ,0.62 ,1.02 ,
2005,September*,16.78 ,2.65 ,6.69 ,5.71 ,0.32 ,1.33 ,0.05 ,0.03 ,,240.05 ,39.73 ,80.22 ,98.73 ,3.82 ,16.48 ,0.68 ,0.39 ,
2005,October,18.29 ,3.06 ,6.37 ,7.07 ,0.39 ,1.25 ,0.07 ,0.08 ,,242.58 ,43.21 ,76.42 ,99.13 ,4.69 ,17.46 ,0.74 ,0.93 ,
2005,November,22.24 ,4.16 ,6.72 ,9.37 ,0.39 ,1.43 ,0.08 ,0.09 ,,243.13 ,45.30 ,80.66 ,91.96 ,4.69 ,18.73 ,0.74 ,1.05 ,
2005,December*,23.72 ,4.93 ,6.48 ,10.19 ,0.39 ,1.59 ,0.06 ,0.08 ,,235.85 ,43.29 ,77.71 ,90.64 ,4.69 ,17.93 ,0.62 ,0.97 ,
2006,January,23.81 ,4.76 ,6.13 ,10.65 ,0.38 ,1.76 ,0.07 ,0.06 ,,233.93 ,46.32 ,73.55 ,89.04 ,4.52 ,19.25 ,0.58 ,0.67 ,
2006,February,22.63 ,4.30 ,6.47 ,9.85 ,0.38 ,1.55 ,0.06 ,0.02 ,,235.58 ,44.77 ,77.68 ,89.69 ,4.52 ,18.10 ,0.59 ,0.23 ,
2006,March*,24.50 ,4.81 ,7.22 ,10.20 ,0.38 ,1.78 ,0.06 ,0.05 ,,248.41 ,47.18 ,86.58 ,89.45 ,4.52 ,19.52 ,0.62 ,0.54 ,
2006,April,19.00 ,3.11 ,6.05 ,7.77 ,0.34 ,1.57 ,0.06 ,0.10 ,,231.07 ,42.14 ,72.58 ,90.95 ,4.13 ,19.26 ,0.78 ,1.23 ,
2006,May,18.13 ,3.15 ,6.80 ,6.15 ,0.34 ,1.54 ,0.05 ,0.10 ,,244.34 ,46.99 ,81.61 ,90.61 ,4.13 ,19.02 ,0.80 ,1.18 ,
2006,June*,15.63 ,2.85 ,6.02 ,4.94 ,0.34 ,1.39 ,0.04 ,0.05 ,,229.02 ,44.32 ,72.22 ,90.46 ,4.13 ,16.57 ,0.78 ,0.54 ,
2006,July,16.00 ,3.02 ,6.57 ,4.53 ,0.35 ,1.45 ,0.04 ,0.04 ,,232.75 ,47.51 ,78.88 ,83.97 ,4.17 ,16.94 ,0.76 ,0.52 ,
2006,August,15.94 ,2.72 ,6.45 ,4.78 ,0.35 ,1.54 ,0.04 ,0.06 ,,240.13 ,44.98 ,77.43 ,93.12 ,4.17 ,18.97 ,0.71 ,0.75 ,
2006,September*,15.86 ,2.86 ,6.11 ,5.17 ,0.35 ,1.28 ,0.06 ,0.03 ,,231.82 ,44.44 ,73.37 ,92.44 ,4.17 ,16.20 ,0.79 ,0.41 ,
2006,October,17.65 ,3.11 ,6.11 ,6.88 ,0.41 ,1.00 ,0.08 ,0.06 ,,231.96 ,42.86 ,73.38 ,95.36 ,4.87 ,13.90 ,0.83 ,0.76 ,
2006,November,21.42 ,4.23 ,6.91 ,8.65 ,0.41 ,1.07 ,0.09 ,0.06 ,,239.43 ,43.28 ,82.94 ,92.79 ,4.87 ,13.95 ,0.87 ,0.73 ,
2006,December*,22.50 ,4.43 ,6.51 ,9.82 ,0.41 ,1.21 ,0.10 ,0.02 ,,232.96 ,41.96 ,78.15 ,92.90 ,4.87 ,13.91 ,0.98 ,0.19 ,
2007,January,22.99 ,4.52 ,6.63 ,10.07 ,0.40 ,1.23 ,0.11 ,0.03 ,,239.98 ,48.22 ,79.61 ,92.72 ,4.80 ,13.41 ,0.91 ,0.31 ,
2007,February,20.38 ,3.52 ,5.67 ,9.58 ,0.40 ,1.10 ,0.09 ,0.02 ,,221.94 ,40.06 ,68.00 ,95.14 ,4.80 ,12.79 ,0.90 ,0.25 ,
2007,March*,21.67 ,3.67 ,6.64 ,9.68 ,0.40 ,1.13 ,0.10 ,0.05 ,,237.68 ,41.24 ,79.72 ,97.94 ,4.80 ,12.37 ,1.02 ,0.59 ,
2007,April,17.34 ,2.61 ,6.16 ,7.10 ,0.36 ,1.07 ,0.05 ,-0.01 ,,233.44 ,44.04 ,73.98 ,97.65 ,4.33 ,12.78 ,0.75 ,-0.09 ,
2007,May,17.95 ,3.01 ,6.87 ,6.55 ,0.36 ,1.09 ,0.05 ,0.02 ,,240.28 ,44.80 ,82.40 ,94.55 ,4.33 ,13.07 ,0.84 ,0.29 ,
2007,June*,15.82 ,2.59 ,6.13 ,5.42 ,0.36 ,1.21 ,0.05 ,0.06 ,,229.74 ,40.16 ,73.51 ,95.72 ,4.33 ,14.38 ,0.92 ,0.72 ,
2007,July,16.12 ,2.84 ,6.43 ,5.00 ,0.36 ,1.36 ,0.06 ,0.07 ,,236.24 ,43.90 ,77.18 ,93.01 ,4.37 ,15.91 ,1.06 ,0.81 ,
2007,August,16.16 ,2.79 ,6.75 ,4.89 ,0.36 ,1.22 ,0.06 ,0.09 ,,240.04 ,45.27 ,80.95 ,92.49 ,4.37 ,14.87 ,0.99 ,1.10 ,
2007,September*,16.47 ,2.93 ,6.35 ,5.43 ,0.36 ,1.27 ,0.06 ,0.07 ,,229.94 ,40.85 ,76.23 ,90.53 ,4.37 ,16.23 ,0.88 ,0.85 ,
2007,October,18.82 ,3.64 ,6.28 ,7.27 ,0.43 ,1.10 ,0.07 ,0.03 ,,232.99 ,43.02 ,75.32 ,93.31 ,5.12 ,15.11 ,0.76 ,0.35 ,
2007,November,20.75 ,4.17 ,6.04 ,8.89 ,0.43 ,1.11 ,0.08 ,0.03 ,,228.12 ,42.70 ,72.44 ,92.24 ,5.12 ,14.47 ,0.79 ,0.36 ,
2007,December*,22.99 ,4.66 ,6.36 ,10.32 ,0.43 ,1.14 ,0.09 ,-0.01 ,,230.32 ,42.71 ,76.37 ,92.31 ,5.12 ,13.06 ,0.90 ,-0.15 ,
2008,January,22.60 ,3.81 ,6.30 ,10.64 ,0.49 ,1.15 ,0.13 ,0.08 ,,231.80 ,38.98 ,75.59 ,96.75 ,5.93 ,12.42 ,1.17 ,0.96 ,
2008,February,21.37 ,3.42 ,6.12 ,10.04 ,0.49 ,1.12 ,0.11 ,0.07 ,,228.82 ,37.14 ,73.47 ,97.23 ,5.93 ,13.04 ,1.18 ,0.83 ,
2008,March*,21.89 ,3.62 ,6.40 ,10.19 ,0.49 ,1.01 ,0.12 ,0.06 ,,232.71 ,38.85 ,76.76 ,98.17 ,5.93 ,11.09 ,1.21 ,0.70 ,
2008,April,20.17 ,3.60 ,6.82 ,8.31 ,0.48 ,0.80 ,0.08 ,0.08 ,,241.39 ,46.81 ,81.88 ,95.40 ,5.79 ,9.48 ,1.11 ,0.92 ,
2008,May,16.27 ,2.57 ,5.89 ,6.17 ,0.48 ,0.99 ,0.05 ,0.12 ,,223.71 ,38.93 ,70.72 ,94.02 ,5.79 ,11.97 ,0.84 ,1.44 ,
2008,June*,15.50 ,2.62 ,5.89 ,5.37 ,0.48 ,0.98 ,0.05 ,0.11 ,,223.73 ,39.92 ,70.66 ,93.35 ,5.79 ,11.71 ,0.99 ,1.31 ,
2008,July,15.28 ,2.61 ,5.88 ,5.22 ,0.50 ,0.90 ,0.05 ,0.12 ,,223.56 ,39.90 ,70.52 ,94.09 ,6.05 ,10.63 ,0.98 ,1.39 ,
2008,August,15.25 ,2.11 ,6.26 ,5.24 ,0.50 ,0.97 ,0.06 ,0.11 ,,225.26 ,34.51 ,75.14 ,95.47 ,6.05 ,11.86 ,0.93 ,1.30 ,
2008,September*,16.58 ,2.82 ,6.61 ,5.62 ,0.50 ,0.87 ,0.06 ,0.10 ,,230.55 ,40.68 ,79.33 ,91.26 ,6.05 ,11.27 ,0.82 ,1.14 ,
2008,October,18.77 ,3.30 ,6.25 ,7.54 ,0.55 ,0.96 ,0.12 ,0.05 ,,227.64 ,38.33 ,75.00 ,92.65 ,6.66 ,13.18 ,1.22 ,0.60 ,
2008,November,19.70 ,3.61 ,5.72 ,8.70 ,0.55 ,0.96 ,0.11 ,0.05 ,,214.93 ,36.93 ,68.62 ,88.55 ,6.66 ,12.52 ,1.08 ,0.57 ,
2008,December*,22.25 ,4.07 ,6.24 ,10.06 ,0.55 ,1.20 ,0.11 ,0.02 ,,219.44 ,36.16 ,74.82 ,86.80 ,6.66 ,13.75 ,1.05 ,0.20 ,
2009,January,22.63 ,4.40 ,5.88 ,10.61 ,0.62 ,0.98 ,0.13 ,0.01 ,,215.37 ,38.45 ,70.51 ,87.19 ,7.43 ,10.52 ,1.19 ,0.08 ,
2009,February,20.62 ,3.66 ,5.92 ,9.03 ,0.62 ,1.27 ,0.10 ,0.02 ,,214.61 ,37.10 ,71.07 ,82.96 ,7.43 ,14.79 ,1.06 ,0.20 ,
2009,March,19.83 ,3.07 ,6.08 ,8.41 ,0.62 ,1.49 ,0.13 ,0.03 ,,217.07 ,33.66 ,72.94 ,85.17 ,7.43 ,16.28 ,1.29 ,0.30 ,
2009,April,16.98 ,2.22 ,6.29 ,6.39 ,0.50 ,1.42 ,0.09 ,0.07 ,,214.78 ,32.46 ,75.45 ,82.28 ,6.04 ,16.51 ,1.16 ,0.88 ,
2009,May,15.62 ,2.09 ,5.85 ,5.79 ,0.50 ,1.19 ,0.10 ,0.10 ,,209.31 ,31.30 ,70.23 ,84.61 ,6.04 ,14.34 ,1.53 ,1.26 ,
2009,June ,14.53 ,2.07 ,5.62 ,4.84 ,0.50 ,1.38 ,0.06 ,0.06 ,,207.61 ,32.09 ,67.49 ,83.60 ,6.04 ,16.46 ,1.20 ,0.73 ,
2009,July,14.49 ,1.88 ,5.84 ,4.77 ,0.48 ,1.39 ,0.07 ,0.06 ,,209.73 ,29.19 ,70.04 ,86.13 ,5.74 ,16.70 ,1.24 ,0.69 ,
2009,August,14.66 ,1.68 ,6.23 ,4.80 ,0.48 ,1.34 ,0.10 ,0.03 ,,214.04 ,28.25 ,74.77 ,87.18 ,5.74 ,16.20 ,1.52 ,0.38 ,
2009,September,14.86 ,1.93 ,5.76 ,5.42 ,0.48 ,1.18 ,0.11 ,-0.02 ,,209.62 ,28.22 ,69.07 ,89.93 ,5.74 ,15.55 ,1.34 ,-0.23 ,
2009,October,17.09 ,2.67 ,5.82 ,6.81 ,0.64 ,1.10 ,0.11 ,-0.06 ,,215.92 ,33.16 ,69.79 ,90.13 ,7.64 ,14.83 ,1.07 ,-0.70 ,
2009,November,18.57 ,2.47 ,5.67 ,8.45 ,0.64 ,1.23 ,0.14 ,-0.03 ,,212.63 ,26.92 ,68.02 ,92.95 ,7.64 ,16.08 ,1.34 ,-0.32 ,
2009,December,21.84 ,3.06 ,5.91 ,10.88 ,0.64 ,1.27 ,0.11 ,-0.03 ,,214.67 ,27.52 ,70.88 ,93.44 ,7.64 ,14.46 ,1.05 ,-0.32 ,
2010,January,23.33 ,3.71 ,5.67 ,11.80 ,0.69 ,1.42 ,0.10 ,-0.06 ,,214.58 ,29.80 ,68.02 ,93.09 ,8.24 ,15.24 ,0.94 ,-0.75 ,
2010,February,21.29 ,3.24 ,5.81 ,10.30 ,0.69 ,1.23 ,0.07 ,-0.05 ,,212.34 ,29.73 ,69.68 ,89.96 ,8.24 ,14.52 ,0.78 ,-0.57 ,
2010,March,20.46 ,2.61 ,5.89 ,9.79 ,0.69 ,1.42 ,0.10 ,-0.04 ,,218.24 ,26.87 ,70.74 ,96.18 ,8.24 ,15.57 ,1.06 ,-0.42 ,
2010,April,17.13 ,2.20 ,5.77 ,7.36 ,0.57 ,1.15 ,0.08 ,0.00 ,,210.00 ,29.72 ,69.19 ,89.83 ,6.83 ,13.27 ,1.11 ,0.05 ,
2010,May,16.34 ,2.11 ,5.88 ,6.69 ,0.57 ,0.99 ,0.06 ,0.04 ,,211.58 ,30.14 ,70.57 ,90.73 ,6.83 ,11.96 ,0.91 ,0.44 ,
2010,June,14.27 ,2.04 ,5.54 ,5.02 ,0.57 ,0.97 ,0.05 ,0.08 ,,205.31 ,30.95 ,66.47 ,87.47 ,6.83 ,11.63 ,0.98 ,0.98 ,
2010,July,14.32 ,2.22 ,5.69 ,4.68 ,0.56 ,0.98 ,0.10 ,0.09 ,,209.71 ,34.24 ,68.26 ,85.54 ,6.69 ,12.08 ,1.86 ,1.04 ,
2010,August,14.51 ,1.89 ,5.97 ,4.89 ,0.56 ,1.00 ,0.09 ,0.11 ,,212.38 ,30.15 ,71.70 ,89.09 ,6.69 ,12.02 ,1.43 ,1.30 ,
2010,September,15.10 ,2.31 ,5.85 ,5.29 ,0.56 ,0.93 ,0.12 ,0.04 ,,211.65 ,32.52 ,70.19 ,87.80 ,6.69 ,12.54 ,1.40 ,0.51 ,
2010,October,17.59 ,2.85 ,5.74 ,6.86 ,0.71 ,1.31 ,0.15 ,-0.03 ,,215.01 ,32.08 ,68.93 ,86.71 ,8.50 ,17.63 ,1.53 ,-0.37 ,
2010,November,20.58 ,3.32 ,6.15 ,9.12 ,0.71 ,1.11 ,0.15 ,0.02 ,,217.74 ,33.09 ,73.75 ,86.10 ,8.50 ,14.63 ,1.47 ,0.20 ,
2010,December,24.41 ,4.12 ,6.28 ,11.76 ,0.71 ,1.41 ,0.10 ,0.03 ,,222.93 ,33.51 ,75.32 ,88.32 ,8.50 ,16.02 ,0.91 ,0.35 ,
2011,January,21.93 ,3.52 ,5.60 ,10.42 ,0.72 ,1.49 ,0.14 ,0.04 ,,213.70 ,32.25 ,67.23 ,87.87 ,8.60 ,15.96 ,1.30 ,0.49 ,
2011,February,19.36 ,3.12 ,5.70 ,8.29 ,0.72 ,1.36 ,0.15 ,0.02 ,,211.24 ,34.54 ,68.42 ,81.34 ,8.60 ,16.40 ,1.70 ,0.24 ,
2011,March,19.66 ,3.39 ,5.54 ,8.32 ,0.72 ,1.55 ,0.11 ,0.03 ,,213.76 ,35.92 ,66.50 ,83.87 ,8.60 ,17.27 ,1.23 ,0.37 ,
2011,April,15.70 ,1.97 ,5.71 ,5.77 ,0.58 ,1.48 ,0.13 ,0.06 ,,211.74 ,33.33 ,68.50 ,83.60 ,6.93 ,17.02 ,1.69 ,0.67 ,
2011,May,14.89 ,2.01 ,5.27 ,5.38 ,0.58 ,1.46 ,0.18 ,0.01 ,,200.73 ,30.89 ,63.22 ,79.42 ,6.93 ,17.51 ,2.62 ,0.14 ,
2011,June,14.69 ,2.13 ,5.80 ,4.61 ,0.58 ,1.40 ,0.11 ,0.06 ,,209.34 ,33.09 ,69.58 ,79.86 ,6.93 ,17.07 ,2.04 ,0.77 ,
2011,July,14.15 ,1.90 ,5.61 ,4.57 ,0.60 ,1.28 ,0.10 ,0.09 ,,206.83 ,29.95 ,67.34 ,83.56 ,7.15 ,15.97 ,1.83 ,1.03 ,
2011,August,14.04 ,2.05 ,5.47 ,4.50 ,0.60 ,1.23 ,0.11 ,0.08 ,,205.20 ,32.53 ,65.68 ,82.57 ,7.15 ,14.54 ,1.78 ,0.95 ,
2011,September,14.64 ,2.14 ,5.81 ,4.82 ,0.60 ,1.06 ,0.17 ,0.04 ,,208.69 ,32.29 ,69.76 ,82.76 ,7.15 ,14.25 ,2.03 ,0.45 ,
2011,October,16.64 ,2.65 ,6.16 ,5.86 ,0.72 ,1.01 ,0.22 ,0.02 ,,212.64 ,34.22 ,73.96 ,79.83 ,8.64 ,13.56 ,2.21 ,0.22 ,
2011,November,18.06 ,3.56 ,5.78 ,6.75 ,0.72 ,1.05 ,0.21 ,-0.01 ,,212.79 ,40.91 ,69.35 ,78.00 ,8.64 ,13.90 ,2.13 ,-0.14 ,
2011,December,19.87 ,3.82 ,5.36 ,8.36 ,0.72 ,1.25 ,0.26 ,0.10 ,,203.44 ,37.91 ,64.30 ,74.90 ,8.64 ,14.06 ,2.40 ,1.23 ,
2012,January,20.25 ,3.63 ,5.53 ,8.66 ,0.76 ,1.31 ,0.24 ,0.12 ,,203.32 ,35.63 ,66.31 ,74.67 ,9.17 ,13.83 ,2.26 ,1.45 ,
2012,February,20.44 ,4.16 ,5.47 ,8.55 ,0.76 ,1.34 ,0.20 ,-0.04 ,,209.04 ,40.65 ,65.58 ,75.89 ,9.17 ,16.13 ,2.16 ,-0.54 ,
2012,March,18.40 ,3.90 ,5.72 ,6.69 ,0.76 ,1.07 ,0.17 ,0.09 ,,210.04 ,44.24 ,68.61 ,73.13 ,9.17 ,11.95 ,1.80 ,1.14 ,
2012,April,17.34 ,3.38 ,5.38 ,6.42 ,0.58 ,1.34 ,0.15 ,0.09 ,,201.69 ,41.80 ,64.60 ,69.95 ,7.01 ,15.31 ,1.92 ,1.10 ,
2012,May,16.10 ,3.06 ,5.53 ,5.33 ,0.58 ,1.36 ,0.14 ,0.10 ,,212.86 ,43.69 ,66.36 ,76.54 ,7.01 ,16.10 ,2.01 ,1.15 ,
2012,June,14.53 ,2.62 ,5.52 ,4.28 ,0.58 ,1.30 ,0.15 ,0.08 ,,210.85 ,41.97 ,66.25 ,76.53 ,7.01 ,15.49 ,2.62 ,0.98 ,
2012,July,14.13 ,2.80 ,5.36 ,3.92 ,0.57 ,1.22 ,0.14 ,0.12 ,,209.69 ,44.34 ,64.35 ,75.49 ,6.83 ,14.65 ,2.62 ,1.41 ,
2012,August,14.10 ,2.74 ,5.52 ,3.59 ,0.57 ,1.42 ,0.15 ,0.11 ,,207.65 ,42.42 ,66.24 ,71.76 ,6.83 ,16.71 ,2.36 ,1.33 ,
2012,September,14.87 ,3.05 ,5.74 ,3.91 ,0.57 ,1.25 ,0.23 ,0.12 ,,206.22 ,41.90 ,68.84 ,67.65 ,6.83 ,16.84 ,2.72 ,1.44 ,
2012,October,17.80 ,3.80 ,5.78 ,6.01 ,0.79 ,1.17 ,0.19 ,0.06 ,,209.00 ,39.07 ,69.36 ,72.79 ,9.44 ,15.81 ,1.86 ,0.67 ,
2012,November,18.60 ,3.61 ,5.40 ,7.40 ,0.79 ,1.07 ,0.24 ,0.09 ,,202.04 ,37.02 ,64.83 ,72.56 ,9.44 ,14.53 ,2.54 ,1.12 ,
2012,December,21.22 ,4.16 ,6.05 ,8.49 ,0.79 ,1.36 ,0.29 ,0.08 ,,211.83 ,38.86 ,72.65 ,72.23 ,9.44 ,15.13 ,2.53 ,0.99 ,
2013,January,20.88 ,4.05 ,5.07 ,9.11 ,0.80 ,1.52 ,0.26 ,0.07 ,,199.69 ,36.36 ,60.80 ,73.64 ,9.66 ,15.98 ,2.39 ,0.86 ,
2013,February,19.83 ,3.68 ,5.27 ,8.57 ,0.80 ,1.22 ,0.22 ,0.07 ,,197.33 ,33.58 ,63.24 ,72.88 ,9.66 ,14.78 ,2.38 ,0.81 ,
2013,March,20.88 ,4.03 ,5.23 ,9.23 ,0.80 ,1.26 ,0.23 ,0.10 ,,197.70 ,33.26 ,62.74 ,73.65 ,9.66 ,14.59 ,2.57 ,1.23 ,
2013,April,17.85 ,3.25 ,5.67 ,6.52 ,0.76 ,1.29 ,0.26 ,0.10 ,,207.84 ,39.44 ,68.07 ,71.70 ,9.14 ,15.00 ,3.28 ,1.21 ,
2013,May,15.81 ,3.00 ,5.60 ,5.06 ,0.76 ,1.03 ,0.25 ,0.11 ,,205.74 ,41.75 ,67.19 ,70.90 ,9.14 ,12.11 ,3.38 ,1.27 ,
2013,June,13.97 ,2.48 ,5.44 ,3.94 ,0.76 ,1.06 ,0.19 ,0.10 ,,202.88 ,40.16 ,65.34 ,71.18 ,9.14 ,12.62 ,3.24 ,1.20 ,
2013,July,13.62 ,2.58 ,5.33 ,3.39 ,0.66 ,1.37 ,0.14 ,0.15 ,,202.40 ,41.72 ,64.01 ,67.83 ,7.94 ,16.46 ,2.62 ,1.82 ,
2013,August,13.93 ,2.87 ,5.48 ,3.11 ,0.66 ,1.50 ,0.18 ,0.13 ,,205.37 ,44.44 ,65.81 ,64.78 ,7.94 ,17.87 ,2.97 ,1.56 ,
2013,September,14.87 ,2.96 ,5.81 ,3.88 ,0.66 ,1.22 ,0.22 ,0.12 ,,209.80 ,41.83 ,69.70 ,69.93 ,7.94 ,16.14 ,2.84 ,1.42 ,
2013,October,16.35 ,3.22 ,5.71 ,4.87 ,0.81 ,1.30 ,0.34 ,0.10 ,,208.56 ,38.69 ,68.51 ,69.42 ,9.74 ,17.52 ,3.47 ,1.21 ,
2013,November,18.97 ,3.44 ,5.71 ,7.33 ,0.81 ,1.26 ,0.31 ,0.11 ,,205.85 ,34.41 ,68.53 ,71.57 ,9.74 ,16.80 ,3.45 ,1.35 ,
2013,December,19.28 ,3.49 ,5.46 ,7.61 ,0.81 ,1.41 ,0.42 ,0.08 ,,198.63 ,34.32 ,65.52 ,68.91 ,9.74 ,15.44 ,3.75 ,0.95 ,
2014,January,19.62 ,3.67 ,5.18 ,8.00 ,0.88 ,1.33 ,0.41 ,0.15 ,,197.53 ,36.10 ,62.14 ,68.56 ,10.52 ,14.43 ,3.94 ,1.84 ,
2014,February,18.27 ,3.24 ,5.33 ,7.15 ,0.88 ,1.11 ,0.42 ,0.14 ,,196.27 ,34.24 ,63.90 ,67.54 ,10.52 ,13.66 ,4.70 ,1.71 ,
2014,March,17.81 ,3.44 ,5.36 ,6.50 ,0.88 ,1.15 ,0.36 ,0.12 ,,197.70 ,36.00 ,64.33 ,67.27 ,10.52 ,13.88 ,4.21 ,1.49 ,
2014,April,15.65 ,2.89 ,5.42 ,4.88 ,0.81 ,1.23 ,0.27 ,0.15 ,,203.93 ,42.12 ,65.07 ,66.79 ,9.77 ,14.87 ,3.49 ,1.82 ,
2014,May,14.64 ,2.43 ,5.29 ,4.48 ,0.81 ,1.25 ,0.23 ,0.15 ,,199.04 ,37.50 ,63.47 ,68.41 ,9.77 ,15.06 ,3.01 ,1.82 ,
2014,June,13.72 ,1.75 ,5.69 ,3.86 ,0.81 ,1.32 ,0.16 ,0.13 ,,198.59 ,29.22 ,68.32 ,71.02 ,9.77 ,15.95 ,2.71 ,1.60 ,
2014,July,13.33 ,1.60 ,5.41 ,3.88 ,0.81 ,1.27 ,0.19 ,0.17 ,,195.35 ,27.42 ,64.90 ,73.00 ,9.75 ,15.07 ,3.21 ,2.00 ,
2014,August,13.75 ,1.61 ,5.89 ,3.88 ,0.81 ,1.12 ,0.28 ,0.16 ,,200.32 ,27.17 ,70.69 ,72.84 ,9.75 ,13.50 ,4.39 ,1.98 ,
2014,September,14.08 ,2.52 ,5.60 ,3.83 ,0.81 ,1.01 ,0.17 ,0.14 ,,200.71 ,38.00 ,67.24 ,68.64 ,9.75 ,13.21 ,2.24 ,1.63 ,
2014,October,15.82 ,2.54 ,5.76 ,5.08 ,1.07 ,0.87 ,0.37 ,0.13 ,,200.04 ,30.81 ,69.11 ,70.89 ,12.87 ,11.03 ,3.81 ,1.52 ,
2014,November,17.42 ,2.91 ,5.46 ,6.65 ,1.07 ,0.86 ,0.31 ,0.16 ,,197.59 ,30.32 ,65.48 ,72.45 ,12.87 ,11.03 ,3.51 ,1.93 ,
2014,December,19.44 ,2.90 ,5.63 ,7.93 ,1.07 ,1.32 ,0.44 ,0.15 ,,197.78 ,27.16 ,67.52 ,69.85 ,12.87 ,14.53 ,4.01 ,1.84 ,
2015,January,20.41 ,3.16 ,5.49 ,8.54 ,1.13 ,1.46 ,0.49 ,0.14 ,,198.11 ,28.10 ,65.90 ,69.34 ,12.13 ,16.22 ,4.68 ,1.74 ,
2015,February,19.26 ,2.89 ,5.51 ,7.95 ,1.13 ,1.29 ,0.36 ,0.13 ,,197.20 ,27.00 ,66.11 ,70.38 ,12.23 ,16.00 ,3.92 ,1.56 ,
2015,March,18.78 ,3.00 ,5.48 ,7.35 ,1.13 ,1.25 ,0.42 ,0.15 ,,198.66 ,29.74 ,65.72 ,69.04 ,12.30 ,15.23 ,4.81 ,1.82 ,
2015,April,15.88 ,2.29 ,5.60 ,5.32 ,0.93 ,1.24 ,0.34 ,0.16 ,,199.75 ,31.03 ,67.24 ,68.28 ,11.70 ,15.37 ,4.18 ,1.95 ,
2015,May,14.77 ,1.79 ,5.48 ,4.72 ,0.93 ,1.26 ,0.43 ,0.16 ,,195.95 ,27.18 ,65.74 ,68.49 ,11.78 ,15.35 ,5.51 ,1.90 ,
2015,June,13.63 ,1.60 ,5.49 ,3.89 ,0.93 ,1.22 ,0.34 ,0.16 ,,197.12 ,26.77 ,65.91 ,70.35 ,12.02 ,14.65 ,5.49 ,1.93 ,
2015,July,13.48 ,1.53 ,5.65 ,3.63 ,0.89 ,1.27 ,0.34 ,0.17 ,,199.76 ,27.09 ,67.84 ,70.40 ,12.14 ,14.93 ,5.27 ,2.09 ,
2015,August,13.59 ,1.58 ,5.80 ,3.63 ,0.89 ,1.20 ,0.32 ,0.17 ,,205.09 ,28.00 ,69.54 ,74.21 ,12.42 ,14.24 ,4.65 ,2.03 ,
2015,September,14.08 ,1.55 ,5.69 ,4.32 ,0.89 ,1.18 ,0.28 ,0.17 ,,195.77 ,21.93 ,68.34 ,72.27 ,12.56 ,14.95 ,3.72 ,2.00 ,
2015,October,16.31 ,2.14 ,5.76 ,5.43 ,1.20 ,1.36 ,0.29 ,0.13 ,,197.43 ,23.98 ,69.12 ,70.02 ,13.22 ,16.58 ,2.98 ,1.53 ,
2015,November,17.14 ,1.91 ,5.58 ,6.55 ,1.20 ,1.30 ,0.48 ,0.12 ,,195.06 ,18.86 ,67.00 ,72.73 ,13.40 ,16.25 ,5.33 ,1.49 ,
2015,December,17.69 ,1.69 ,5.88 ,6.77 ,1.20 ,1.44 ,0.56 ,0.15 ,,194.33 ,18.21 ,70.61 ,68.95 ,13.55 ,15.98 ,5.29 ,1.74 ,
2016,January,18.98 ,1.68 ,5.37 ,8.68 ,1.28 ,1.31 ,0.50 ,0.16 ,,188.68 ,15.02 ,64.39 ,73.95 ,13.77 ,14.92 ,4.75 ,1.88 ,
2016,February,18.38 ,1.71 ,5.45 ,8.14 ,1.28 ,1.20 ,0.43 ,0.17 ,,193.51 ,16.69 ,65.36 ,75.94 ,13.89 ,14.90 ,4.64 ,2.09 ,
2016,March,18.48 ,1.50 ,5.72 ,8.22 ,1.28 ,1.21 ,0.36 ,0.19 ,,196.74 ,15.54 ,68.63 ,77.45 ,14.00 ,14.85 ,4.01 ,2.26 ,
2016,April,16.18 ,0.91 ,5.70 ,6.79 ,1.10 ,1.14 ,0.38 ,0.16 ,,193.90 ,12.33 ,68.41 ,78.41 ,13.74 ,14.42 ,4.71 ,1.88 ,
2016,May,14.19 ,0.72 ,5.63 ,5.01 ,1.10 ,1.19 ,0.38 ,0.16 ,,193.24 ,12.36 ,67.60 ,78.14 ,13.82 ,14.57 ,4.78 ,1.97 ,
2016,June,13.59 ,0.78 ,5.74 ,4.32 ,1.10 ,1.24 ,0.27 ,0.14 ,,199.46 ,13.99 ,68.89 ,81.46 ,14.07 ,14.98 ,4.39 ,1.68 ,
2016,July,13.16 ,0.67 ,5.70 ,3.98 ,0.94 ,1.37 ,0.35 ,0.15 ,,193.55 ,12.50 ,68.44 ,76.22 ,12.81 ,16.35 ,5.42 ,1.81 ,
2016,August,12.99 ,0.57 ,5.78 ,3.81 ,0.94 ,1.35 ,0.38 ,0.16 ,,192.60 ,10.57 ,69.41 ,76.22 ,13.04 ,16.06 ,5.42 ,1.88 ,
2016,September,13.48 ,0.75 ,5.84 ,4.13 ,0.94 ,1.33 ,0.39 ,0.10 ,,194.23 ,11.14 ,70.08 ,77.21 ,13.17 ,16.37 ,5.05 ,1.21 ,
2016,October,15.93 ,0.97 ,5.85 ,6.24 ,1.20 ,1.31 ,0.32 ,0.04 ,,193.57 ,11.88 ,70.21 ,78.70 ,13.30 ,15.55 ,3.40 ,0.53 ,
2016,November,18.24 ,1.22 ,5.61 ,8.43 ,1.20 ,1.36 ,0.36 ,0.06 ,,193.41 ,11.07 ,67.32 ,80.17 ,13.48 ,16.69 ,4.01 ,0.67 ,
2016,December,18.84 ,1.23 ,5.93 ,8.64 ,1.20 ,1.38 ,0.42 ,0.04 ,,196.13 ,12.39 ,71.16 ,79.21 ,13.59 ,15.30 ,4.03 ,0.45 ,
2017,January,19.85 ,1.65 ,5.46 ,9.72 ,1.30 ,1.27 ,0.44 ,0.01 ,,191.34 ,13.70 ,65.56 ,78.98 ,14.04 ,14.67 ,4.22 ,0.17 ,
2017,February,17.91 ,1.31 ,5.80 ,7.68 ,1.30 ,1.25 ,0.48 ,0.09 ,,194.42 ,14.06 ,69.66 ,74.87 ,14.18 ,15.52 ,5.04 ,1.09 ,
2017,March,17.00 ,0.76 ,5.67 ,7.38 ,1.30 ,1.28 ,0.49 ,0.12 ,,192.58 ,9.97 ,68.03 ,77.80 ,14.30 ,15.69 ,5.36 ,1.43 ,
2017,April,15.42 ,0.55 ,5.93 ,6.00 ,1.16 ,1.16 ,0.45 ,0.17 ,,192.07 ,8.62 ,71.17 ,75.55 ,14.42 ,14.72 ,5.53 ,2.06 ,
2017,May,14.20 ,0.55 ,5.64 ,4.97 ,1.16 ,1.31 ,0.42 ,0.15 ,,196.40 ,10.53 ,67.69 ,80.50 ,14.50 ,15.93 ,5.43 ,1.82 ,
2017,June,13.28 ,0.52 ,5.79 ,3.85 ,1.16 ,1.36 ,0.47 ,0.13 ,,194.35 ,9.83 ,69.52 ,74.72 ,14.72 ,16.73 ,7.29 ,1.54 ,
2017,July,13.07 ,0.47 ,5.83 ,3.89 ,1.06 ,1.26 ,0.40 ,0.16 ,,193.26 ,9.07 ,70.01 ,76.44 ,14.43 ,15.26 ,6.08 ,1.97 ,
2017,August,13.09 ,0.49 ,5.81 ,3.80 ,1.06 ,1.36 ,0.41 ,0.16 ,,194.42 ,9.35 ,69.72 ,77.04 ,14.63 ,16.03 ,5.70 ,1.95 ,
2017,September ,14.06 ,0.70 ,5.94 ,4.48 ,1.06 ,1.29 ,0.46 ,0.13 ,,197.84 ,10.30 ,71.26 ,78.68 ,14.76 ,15.44 ,5.85 ,1.55 ,
2017,October,15.17 ,0.65 ,5.70 ,5.63 ,1.24 ,1.29 ,0.60 ,0.06 ,,189.92 ,8.65 ,68.39 ,77.02 ,13.68 ,14.95 ,6.45 ,0.78 ,
2017,November,18.00 ,1.24 ,5.96 ,7.86 ,1.24 ,1.15 ,0.55 ,0.00 ,,194.73 ,11.13 ,71.52 ,78.30 ,13.84 ,13.85 ,6.13 ,-0.04 ,
2017,December,19.55 ,1.42 ,5.97 ,9.10 ,1.24 ,1.15 ,0.59 ,0.08 ,,196.63 ,13.05 ,71.65 ,78.35 ,13.93 ,12.71 ,6.03 ,0.91 ,
2018,January,19.12 ,0.81 ,5.57 ,9.36 ,1.33 ,1.20 ,0.67 ,0.18 ,,189.46 ,6.93 ,66.88 ,78.30 ,14.57 ,13.83 ,6.73 ,2.22 ,
2018,February,18.88 ,1.12 ,5.65 ,8.92 ,1.33 ,1.17 ,0.55 ,0.14 ,,193.36 ,9.87 ,67.81 ,78.84 ,14.69 ,14.61 ,5.83 ,1.71 ,
2018,March,18.92 ,1.42 ,5.48 ,8.75 ,1.33 ,1.23 ,0.57 ,0.14 ,,196.04 ,14.83 ,65.76 ,77.46 ,14.79 ,15.20 ,6.38 ,1.62 ,
2018,April,15.87 ,0.59 ,5.91 ,6.23 ,1.28 ,1.18 ,0.53 ,0.15 ,,201.22 ,9.01 ,70.93 ,82.06 ,15.86 ,15.03 ,6.59 ,1.74 ,
2018,May,13.50 ,0.47 ,5.58 ,4.38 ,1.28 ,1.18 ,0.46 ,0.15 ,,186.36 ,8.82 ,66.99 ,72.43 ,15.93 ,14.18 ,6.17 ,1.84 ,
2018,June,12.99 ,0.47 ,5.79 ,3.69 ,1.28 ,1.23 ,0.39 ,0.14 ,,189.48 ,8.41 ,69.46 ,72.36 ,16.12 ,15.43 ,5.97 ,1.73 ,
2018,July,12.83 ,0.40 ,5.72 ,3.73 ,1.23 ,1.23 ,0.35 ,0.17 ,,187.02 ,7.19 ,68.59 ,71.94 ,16.74 ,15.09 ,5.43 ,2.04 ,
2018,August,13.01 ,0.42 ,5.84 ,3.63 ,1.23 ,1.29 ,0.45 ,0.15 ,,191.62 ,7.26 ,70.04 ,74.24 ,16.89 ,15.25 ,6.20 ,1.74 ,
2018,September,13.61 ,0.71 ,5.82 ,3.96 ,1.23 ,1.21 ,0.57 ,0.11 ,,191.62 ,9.65 ,69.79 ,72.34 ,17.00 ,14.25 ,7.29 ,1.30 ,
2018,October,15.31 ,0.63 ,5.56 ,5.92 ,1.52 ,0.99 ,0.61 ,0.08 ,,184.55 ,7.65 ,66.71 ,74.52 ,16.68 ,11.28 ,6.80 ,0.91 ,
2018,November,17.36 ,0.94 ,6.01 ,7.10 ,1.52 ,1.02 ,0.67 ,0.10 ,,192.39 ,8.27 ,72.13 ,74.45 ,16.83 ,12.12 ,7.41 ,1.18 ,
2018,December,18.11 ,0.73 ,5.89 ,8.07 ,1.52 ,1.13 ,0.63 ,0.14 ,,189.28 ,6.90 ,70.63 ,74.11 ,16.90 ,12.44 ,6.62 ,1.68 ,
2019,January,19.32 ,0.85 ,5.68 ,9.61 ,1.43 ,1.05 ,0.59 ,0.11 ,,187.73 ,6.38 ,68.20 ,78.07 ,15.70 ,11.97 ,6.04 ,1.37 ,
2019,February,16.53 ,0.54 ,5.43 ,7.36 ,1.43 ,0.98 ,0.60 ,0.19 ,,182.58 ,5.75 ,65.12 ,74.96 ,15.82 ,12.49 ,6.22 ,2.22 ,
2019,March,16.38 ,0.48 ,5.39 ,7.18 ,1.43 ,0.96 ,0.72 ,0.22 ,,183.01 ,5.93 ,64.69 ,73.85 ,15.92 ,12.11 ,7.86 ,2.65 ,
2019,April,15.39 ,0.48 ,5.71 ,6.05 ,1.41 ,1.05 ,0.55 ,0.14 ,,192.17 ,7.14 ,68.49 ,77.29 ,17.60 ,13.28 ,6.72 ,1.65 ,
2019,May,14.04 ,0.38 ,5.54 ,5.04 ,1.41 ,1.04 ,0.44 ,0.19 ,,187.20 ,6.69 ,66.52 ,75.57 ,17.72 ,12.48 ,5.95 ,2.27 ,
2019,June,12.97 ,0.39 ,5.64 ,4.14 ,1.41 ,0.72 ,0.51 ,0.16 ,,187.03 ,6.58 ,67.73 ,75.95 ,17.89 ,9.33 ,7.67 ,1.88 ,
2019,July,12.56 ,0.40 ,5.53 ,3.84 ,1.29 ,0.88 ,0.48 ,0.14 ,,184.77 ,7.04 ,66.40 ,73.88 ,17.57 ,10.89 ,7.32 ,1.67 ,
2019,August,12.41 ,0.40 ,5.65 ,3.35 ,1.29 ,0.98 ,0.61 ,0.13 ,,184.69 ,6.73 ,67.81 ,70.84 ,17.68 ,11.68 ,8.37 ,1.58 ,
2019,September,13.14 ,0.43 ,5.78 ,3.84 ,1.29 ,1.07 ,0.62 ,0.11 ,,185.90 ,5.77 ,69.37 ,71.39 ,17.77 ,12.61 ,7.65 ,1.34 ,
2019,October,15.87 ,0.48 ,5.68 ,6.13 ,1.68 ,1.14 ,0.65 ,0.11 ,,188.02 ,5.92 ,68.11 ,74.25 ,18.40 ,12.93 ,7.14 ,1.27 ,
2019,November,17.67 ,0.66 ,5.59 ,7.92 ,1.68 ,1.10 ,0.55 ,0.17 ,,188.73 ,5.66 ,67.11 ,76.34 ,18.51 ,13.05 ,6.06 ,2.00 ,
2019,December,18.19 ,0.64 ,5.75 ,8.10 ,1.68 ,1.12 ,0.74 ,0.16 ,,186.69 ,5.92 ,68.99 ,71.25 ,18.55 ,12.20 ,7.84 ,1.94 ,
2020,January,17.78 ,0.80 ,5.35 ,7.87 ,1.63 ,1.13 ,0.88 ,0.12 ,,182.21 ,6.86 ,64.16 ,69.64 ,18.20 ,12.80 ,9.12 ,1.43 ,
2020,February,17.40 ,0.65 ,5.55 ,7.54 ,1.63 ,0.90 ,0.95 ,0.18 ,,189.44 ,6.80 ,66.57 ,74.29 ,18.30 ,11.61 ,9.72 ,2.15 ,
2020,March,16.61 ,0.49 ,5.18 ,7.53 ,1.63 ,0.76 ,0.82 ,0.20 ,,180.27 ,5.78 ,62.14 ,72.82 ,18.38 ,9.80 ,8.95 ,2.40 ,
2020,April,11.76 ,0.41 ,3.50 ,4.85 ,1.41 ,0.86 ,0.58 ,0.15 ,,153.39 ,6.32 ,41.96 ,67.85 ,17.44 ,10.82 ,7.18 ,1.82 ,
2020,May,10.15 ,0.34 ,2.62 ,4.13 ,1.41 ,0.93 ,0.57 ,0.15 ,,145.62 ,6.17 ,31.49 ,69.68 ,17.55 ,11.09 ,7.81 ,1.83 ,
2020,June,10.13 ,0.36 ,3.19 ,3.78 ,1.41 ,0.74 ,0.57 ,0.08 ,,154.60 ,6.36 ,38.30 ,73.07 ,17.67 ,9.78 ,8.46 ,0.96 ,
2020,July,10.57 ,0.37 ,3.67 ,3.78 ,1.30 ,0.87 ,0.56 ,0.02 ,,161.42 ,6.23 ,44.09 ,73.44 ,17.89 ,10.86 ,8.72 ,0.19 ,
2020,August,10.90 ,0.38 ,4.21 ,3.64 ,1.30 ,0.70 ,0.55 ,0.12 ,,164.97 ,6.21 ,50.53 ,72.91 ,17.97 ,8.41 ,7.52 ,1.42 ,
2020,September,11.59 ,0.42 ,4.38 ,4.04 ,1.30 ,0.76 ,0.62 ,0.07 ,,164.80 ,5.57 ,52.52 ,71.11 ,18.05 ,9.03 ,7.72 ,0.80 ,
2020,October,14.57 ,0.40 ,4.54 ,6.08 ,1.64 ,1.04 ,0.71 ,0.16 ,,174.01 ,4.99 ,54.45 ,75.11 ,17.93 ,11.67 ,7.95 ,1.91 ,
2020,November,15.08 ,0.48 ,4.41 ,6.74 ,1.64 ,0.97 ,0.68 ,0.16 ,,168.67 ,4.57 ,52.91 ,72.30 ,18.00 ,11.34 ,7.59 ,1.96 ,
2020,December,16.80 ,0.53 ,4.28 ,8.45 ,1.64 ,1.06 ,0.71 ,0.13 ,,168.10 ,4.93 ,51.41 ,73.10 ,18.03 ,11.42 ,7.60 ,1.61 ,
2021,January,17.61 ,0.69 ,3.97 ,9.56 ,1.59 ,0.97 ,0.66 ,0.17 ,,163.26 ,5.02 ,47.61 ,73.34 ,17.57 ,10.78 ,6.91 ,2.03 ,
2021,February,15.33 ,0.50 ,3.79 ,7.76 ,1.59 ,0.74 ,0.76 ,0.19 ,,160.72 ,5.01 ,45.46 ,72.98 ,17.62 ,9.67 ,7.68 ,2.30 ,
2021,March,15.12 ,0.45 ,3.93 ,7.53 ,1.59 ,0.75 ,0.69 ,0.18 ,,165.13 ,5.48 ,47.13 ,75.54 ,17.65 ,9.69 ,7.46 ,2.18 ,
2021,April,14.67 ,0.44 ,4.49 ,6.80 ,1.50 ,0.81 ,0.50 ,0.13 ,,171.21 ,6.04 ,53.88 ,74.58 ,18.87 ,10.08 ,6.17 ,1.59 ,
2021,May,13.72 ,0.44 ,4.68 ,5.62 ,1.50 ,0.76 ,0.54 ,0.18 ,,180.31 ,7.58 ,56.15 ,79.08 ,18.96 ,9.03 ,7.39 ,2.12 ,
2021,June,11.40 ,0.42 ,4.58 ,3.39 ,1.50 ,0.86 ,0.44 ,0.21 ,,166.34 ,7.63 ,54.99 ,64.00 ,19.08 ,11.50 ,6.57 ,2.57 ,
2021,July,11.43 ,0.46 ,4.51 ,3.71 ,1.41 ,0.74 ,0.36 ,0.24 ,,170.26 ,7.77 ,54.07 ,71.24 ,19.48 ,9.21 ,5.65 ,2.84 ,
2021,August,12.27 ,0.43 ,4.82 ,4.16 ,1.41 ,0.73 ,0.47 ,0.25 ,,192.16 ,6.82 ,57.78 ,89.73 ,19.57 ,8.86 ,6.39 ,3.01 ,
2021,September p,12.45 ,0.47 ,5.13 ,4.04 ,1.41 ,0.79 ,0.44 ,0.17 ,,180.56 ,6.26 ,61.50 ,76.31 ,19.65 ,9.30 ,5.50 ,2.04 ,
,,,,,,,,,,,,,,,,,,,
Return to contents page,,,,,,,,,,,,,,,,,,,
,,,,,,,,,,,,,,,,,,,
,,,,,,,,,,,,,,,,,,,
,,,,,,,,,,,,,,,,,,,
,,,,,,,,,,,,,,,,,,,
,,,,,,,,,,,,,,,,,,,
,,,,,,,,,,,,,,,,,,,
,,,,,,,,,,,,,,,,,,,
,,,,,,,,,,,,,,,,,,,
,,,,,,,,,,,,,,,,,,,
,,,,,,,,,,,,,,,,,,,
,,,,,,,,,,,,,,,,,,,
,,,,,,,,,,,,,,,,,,,
,,,,,,,,,,,,,,,,,,,
,,,,,,,,,,,,,,,,,,,
,,,,,,,,,,,,,,,,,,,
,,,,,,,,,,,,,,,,,,,
,,,,,,,,,,,,,,,,,,,
